{
 "distance": 3,
 "t_round_us": 1.0,
 "shots": 200000,
 "rounds": [
  1,
  3,
  5,
  7,
  9
 ],
 "pL_calibration": [
  0.02192,
  0.07426,
  0.12001,
  0.164375,
  0.201775
 ],
 "per_round_LER": 0.02751864142468441,
 "data_qubits": [
  "QB13",
  "QB20",
  "QB22",
  "QB27",
  "QB29",
  "QB31",
  "QB36",
  "QB38",
  "QB45"
 ],
 "ancilla_qubits": [
  "QB14",
  "QB19",
  "QB21",
  "QB28",
  "QB30",
  "QB37",
  "QB39",
  "QB44"
 ]
}